"id","name","genre","price"
"0","Avengers","Action","250.0"
"0","Inception","Sci-Fi","350.0"
"0","Avengers","Action","250.0"
"0","Inception","Sci-Fi","350.0"
"0","Avengers","Action","250.0"
"0","Inception","Sci-Fi","350.0"
"0","Avengers","Action","250.0"
"0","Inception","Sci-Fi","350.0"
"0","Avengers","Action","250.0"
"0","Inception","Sci-Fi","350.0"
"0","Avengers","Action","250.0"
"0","Inception","Sci-Fi","350.0"
"0","Avengers","Action","250.0"
"0","Inception","Sci-Fi","350.0"
"0","Avengers","Action","250.0"
"0","Inception","Sci-Fi","350.0"
"0","Avengers","Action","250.0"
"0","Inception","Sci-Fi","350.0"
"0","Avengers","Action","250.0"
"0","Inception","Sci-Fi","350.0"
"0","Avengers","Action","250.0"
"0","Inception","Sci-Fi","350.0"
"0","Avatar","Action","250.0"
"0","RRR","Action","1500.0"
"0","Avengers","Action","250.0"
"0","Inception","Sci-Fi","350.0"
"0","Avengers","Action","250.0"
"0","Inception","Sci-Fi","350.0"
"0","Avengers","Action","250.0"
"0","Inception","Sci-Fi","350.0"
"0","Avengers","Action","250.0"
"0","Inception","Sci-Fi","350.0"
"0","Avengers","Action","250.0"
"0","Inception","Sci-Fi","350.0"
"0","Avengers","Action","250.0"
"0","Inception","Sci-Fi","350.0"
"0","Avengers","Action","250.0"
"0","Inception","Sci-Fi","350.0"
"0","Avengers","Action","250.0"
"0","Inception","Sci-Fi","350.0"
"0","Avengers","Action","250.0"
"0","Inception","Sci-Fi","350.0"
"0","Avengers","Action","250.0"
"0","Inception","Sci-Fi","350.0"
"0","Avengers","Action","250.0"
"0","Inception","Sci-Fi","350.0"
"0","Avengers","Action","250.0"
"0","Inception","Sci-Fi","350.0"
"0","Avengers","Action","250.0"
"0","Inception","Sci-Fi","350.0"
